[{"x": -9,"y":-3,"h": 3,"v": 3,"e": 49,},
{"x": -6,"y":-3,"h": 3,"v": 3,"e": 41,},
{"x": -3,"y":-3,"h": 3,"v": 3,"e": 33,},
{"x": -0,"y":-3,"h": 3,"v": 3,"e": 25,},
{"x": 3,"y":-3,"h": 3,"v": 3,"e": 17,},
{"x": 6,"y":-3,"h": 3,"v": 3,"e": 9,},
{"x": -12,"y":0,"h": 3,"v": 3,"e": 56,},
{"x": -9,"y":0,"h": 3,"v": 3,"e": 48,},
{"x": -6,"y":0,"h": 3,"v": 3,"e": 40,},
{"x": -3,"y":0,"h": 3,"v": 3,"e": 32,},
{"x": 0,"y":0,"h": 3,"v": 3,"e": 24,},
{"x": 3,"y":0,"h": 3,"v": 3,"e": 16,},
{"x": 6,"y":0,"h": 3,"v": 3,"e": 8,},
{"x": 9,"y":0,"h": 3,"v": 3,"e": 0,},
{"x": -21,"y":-3,"h": 9,"v": 9,"e": 57,},
{"x": 12,"y":-3,"h": 9,"v": 9,"e": 1,},
{"x": 10,"y":-9,"h": 3,"v": 3,"e": 123,},
]

