[

{"x": -3,"y":-6,"h": 3,"v": 3,"e": 33,},
{"x": -3,"y":-3,"h": 3,"v": 3,"e": 32,},
{"x": -3,"y":3,"h": 3,"v": 3,"e": 32,},

{"x": 0,"y":-6,"h": 3,"v": 3,"e": 25,}, 
{"x": 0,"y":-3,"h": 3,"v": 3,"e": 24,},
{"x": 0,"y":3,"h": 3,"v": 3,"e": 24,},

{"x": -6,"y":-6,"h": 3,"v": 3,"e": 41,},
{"x": -6,"y":-3,"h": 3,"v": 3,"e": 56,},
{"x": -6,"y":0,"h": 3,"v": 3,"e": 48,},
{"x": -6,"y":3,"h": 3,"v": 3,"e": 40,},

{"x": 3,"y":-6,"h": 3,"v": 3,"e": 17,},
{"x": 3,"y":-3,"h": 3,"v": 3,"e": 0,},
{"x": 3,"y":0,"h": 3,"v": 3,"e": 8,},
{"x": 3,"y":3,"h": 3,"v": 3,"e": 16,},

{"x": -18.5,"y":-7.5,"h": 9,"v": 6,"e": 49,},
{"x": 9.5,"y":-7.5,"h": 9,"v": 6,"e": 9,},

{"x": -10.5,"y":-6,"h": 4.5,"v": 3,"e": 57,},
{"x": 6,"y":-6,"h": 4.5,"v": 3,"e": 1,},



]

