[

{"x": 3,"y":-6,"h": 3,"v": 3,"e": 89,},
{"x": 3,"y":-3,"h": 3,"v": 3,"e": 80,},
{"x": 3,"y":0,"h": 3,"v": 3,"e": 88,},
{"x": 3,"y":3,"h": 3,"v": 3,"e": 120,},
{"x": 3,"y":6,"h": 3,"v": 3,"e": 96,},


{"x": -3,"y":-6,"h": 3,"v": 3,"e": 105,}, 
{"x": -3,"y":-3,"h": 3,"v": 3,"e": 80,},
{"x": -3,"y":0,"h": 3,"v": 3,"e": 88,},
{"x": -3,"y":3,"h": 3,"v": 3,"e": 120,},
{"x": -3,"y":6,"h": 3,"v": 3,"e": 112,},

{"x": 0,"y":-6,"h": 3,"v": 3,"e": 97,},
{"x": 0,"y":6,"h": 3,"v": 3,"e": 104,},

{"x": -6,"y":0,"h": 3,"v": 3,"e": 121,},
{"x": -6,"y":-3,"h": 3,"v": 3,"e": 113,},

{"x": 6,"y":-6,"h": 3,"v": 3,"e": 81,},
{"x": 9,"y":-6,"h": 4,"v": 3,"e": 64,},


{"x": 7.5,"y":-9,"h": 3,"v": 3,"e": 73,},
{"x": 7.5,"y":-3,"h": 3,"v": 3,"e": 72,},

{"x": 13,"y":-9,"h": 9,"v": 9,"e": 65,},

]

