[

{"x": -3,"y":-6,"h": 3,"v": 3,"e": 97,},
{"x": -3,"y":-3,"h": 3,"v": 3,"e": 96,},
{"x": -3,"y":3,"h": 3,"v": 3,"e": 96,},

{"x": 0,"y":-6,"h": 3,"v": 3,"e": 89,}, 
{"x": 0,"y":-3,"h": 3,"v": 3,"e": 88,},
{"x": 0,"y":3,"h": 3,"v": 3,"e": 88,},

{"x": -6,"y":-6,"h": 3,"v": 3,"e": 105,},
{"x": -6,"y":-3,"h": 3,"v": 3,"e": 120,},
{"x": -6,"y":0,"h": 3,"v": 3,"e": 112,},
{"x": -6,"y":3,"h": 3,"v": 3,"e": 104,},

{"x": 3,"y":-6,"h": 3,"v": 3,"e": 81,},
{"x": 3,"y":-3,"h": 3,"v": 3,"e": 64,},
{"x": 3,"y":0,"h": 3,"v": 3,"e": 72,},
{"x": 3,"y":3,"h": 3,"v": 3,"e": 80,},

{"x": -18.5,"y":-7.5,"h": 9,"v": 6,"e": 113,},
{"x": 9.5,"y":-7.5,"h": 9,"v": 6,"e": 73,},

{"x": -10.5,"y":-6,"h": 4.5,"v": 3,"e": 121,},
{"x": 6,"y":-6,"h": 4.5,"v": 3,"e": 65,},



]

