[{"x": -12.6075,"y":-5.565,"h": 0.65,"v": 1.9,"e": 8,},
{"x": -11.9625,"y":-5.5575,"h": 0.65,"v": 1.9,"e": 9,},
{"x": -11.3925,"y":-5.5575,"h": 0.65,"v": 1.9,"e": 11,},
{"x": -10.83,"y":-5.565,"h": 0.65,"v": 1.9,"e": 12,},
{"x": -10.2675,"y":-5.565,"h": 0.65,"v": 1.9,"e": 13,},
{"x": -9.69750000000001,"y":-5.5575,"h": 0.65,"v": 1.9,"e": 15,},
{"x": -9.13500000000001,"y":-5.5575,"h": 0.65,"v": 1.9,"e": 16,},
{"x": 10.215,"y":-5.5575,"h": 0.65,"v": 1.9,"e": 111,},
{"x": 10.785,"y":-5.5575,"h": 0.65,"v": 1.9,"e": 112,},
{"x": 11.3475,"y":-5.565,"h": 0.65,"v": 1.9,"e": 114,},
{"x": 11.9175,"y":-5.565,"h": 0.65,"v": 1.9,"e": 115,},
{"x": 12.48,"y":-5.5575,"h": 0.65,"v": 1.9,"e": 116,},
{"x": 13.0425,"y":-5.5575,"h": 0.65,"v": 1.9,"e": 118,},
{"x": 13.7175,"y":-5.565,"h": 0.65,"v": 1.9,"e": 119,},
{"x": -6.21,"y":-5.82,"h": 1.9,"v": 0.7,"e": 22,},
{"x": -6.21,"y":-5.1075,"h": 1.9,"v": 0.7,"e": 24,},
{"x": -6.2025,"y":-4.4025,"h": 1.9,"v": 0.7,"e": 25,},
{"x": -4.1475,"y":-5.82,"h": 1.9,"v": 0.7,"e": 29,},
{"x": -4.1475,"y":-5.1075,"h": 1.9,"v": 0.7,"e": 30,},
{"x": -4.14,"y":-4.395,"h": 1.9,"v": 0.7,"e": 31,},
{"x": -2.0775,"y":-5.82750000000001,"h": 1.9,"v": 0.7,"e": 36,},
{"x": -2.085,"y":-5.1075,"h": 1.9,"v": 0.7,"e": 39,},
{"x": -2.085,"y":-4.395,"h": 1.9,"v": 0.7,"e": 45,},
{"x": -0.014999999999997,"y":-5.82,"h": 1.9,"v": 0.7,"e": 54,},
{"x": -0.014999999999997,"y":-5.1075,"h": 1.9,"v": 0.7,"e": 55,},
{"x": -0.0225000000000009,"y":-4.395,"h": 1.9,"v": 0.7,"e": 67,},
{"x": 2.04,"y":-4.395,"h": 1.9,"v": 0.7,"e": 80,},
{"x": 2.04,"y":-5.1075,"h": 1.9,"v": 0.7,"e": 83,},
{"x": 2.04,"y":-5.82,"h": 1.9,"v": 0.7,"e": 85,},
{"x": 4.1025,"y":-4.395,"h": 1.9,"v": 0.7,"e": 92,},
{"x": 4.1025,"y":-5.1075,"h": 1.9,"v": 0.7,"e": 93,},
{"x": 4.1025,"y":-5.82,"h": 1.9,"v": 0.7,"e": 96,},
{"x": 6.165,"y":-4.395,"h": 1.9,"v": 0.7,"e": 100,},
{"x": 6.165,"y":-5.1075,"h": 1.9,"v": 0.7,"e": 101,},
{"x": 6.1725,"y":-5.82,"h": 1.9,"v": 0.7,"e": 102,},
{"x": 8.2275,"y":-5.82,"h": 1.9,"v": 0.7,"e": 105,},
{"x": 8.2275,"y":-4.395,"h": 1.9,"v": 0.7,"e": 106,},
{"x": 8.2575,"y":-5.1075,"h": 1.9,"v": 0.7,"e": 108,},
{"x": -22.71,"y":-5.5575,"h": 1.9,"v": 1.9,"e": 0,},
{"x": -20.64,"y":-5.565,"h": 1.9,"v": 1.9,"e": 1,},
{"x": -18.585,"y":-5.565,"h": 1.9,"v": 1.9,"e": 2,},
{"x": -16.5225,"y":-5.5575,"h": 1.9,"v": 1.9,"e": 3,},
{"x": -14.46,"y":-7.62,"h": 1.9,"v": 1.9,"e": 4,},
{"x": -14.4525,"y":-5.565,"h": 1.9,"v": 1.9,"e": 5,},
{"x": -14.46,"y":-3.5025,"h": 1.9,"v": 1.9,"e": 6,},
{"x": -12.3975,"y":-7.62,"h": 1.9,"v": 1.9,"e": 7,},
{"x": -12.39,"y":-3.495,"h": 1.9,"v": 1.9,"e": 10,},
{"x": -10.335,"y":-3.495,"h": 1.9,"v": 1.9,"e": 14,},
{"x": -10.335,"y":-7.62,"h": 1.9,"v": 1.9,"e": 17,},
{"x": -8.265,"y":-7.62,"h": 1.9,"v": 1.9,"e": 18,},
{"x": -8.2725,"y":-5.5575,"h": 1.9,"v": 1.9,"e": 19,},
{"x": -8.2725,"y":-3.4875,"h": 1.9,"v": 1.9,"e": 20,},
{"x": -6.2025,"y":-7.62,"h": 1.9,"v": 1.9,"e": 21,},
{"x": -8.265,"y":-1.4325,"h": 1.9,"v": 1.9,"e": 23,},
{"x": -6.2025,"y":-3.5025,"h": 1.9,"v": 1.9,"e": 26,},
{"x": -4.1475,"y":-7.6275,"h": 1.9,"v": 1.9,"e": 27,},
{"x": -8.265,"y":0.630000000000003,"h": 1.9,"v": 1.9,"e": 28,},
{"x": -6.2025,"y":0.622499999999999,"h": 1.9,"v": 1.9,"e": 32,},
{"x": -8.265,"y":2.6925,"h": 1.9,"v": 1.9,"e": 33,},
{"x": -4.1475,"y":-3.495,"h": 1.9,"v": 1.9,"e": 34,},
{"x": -2.0775,"y":-7.6275,"h": 1.9,"v": 1.9,"e": 35,},
{"x": -6.21,"y":2.7,"h": 1.9,"v": 1.9,"e": 37,},
{"x": -8.265,"y":4.7475,"h": 1.9,"v": 1.9,"e": 38,},
{"x": -8.2725,"y":6.8175,"h": 1.9,"v": 1.9,"e": 40,},
{"x": -4.1475,"y":0.630000000000003,"h": 1.9,"v": 1.9,"e": 41,},
{"x": -6.2025,"y":4.755,"h": 1.9,"v": 1.9,"e": 42,},
{"x": -4.1475,"y":2.7,"h": 1.9,"v": 1.9,"e": 43,},
{"x": -6.2025,"y":6.8175,"h": 1.9,"v": 1.9,"e": 44,},
{"x": -0.0225000000000009,"y":-7.62,"h": 1.9,"v": 1.9,"e": 46,},
{"x": -4.14,"y":4.755,"h": 1.9,"v": 1.9,"e": 47,},
{"x": -4.0575,"y":6.8175,"h": 1.9,"v": 1.9,"e": 48,},
{"x": -2.085,"y":2.6925,"h": 1.9,"v": 1.9,"e": 49,},
{"x": -2.085,"y":0.630000000000003,"h": 1.9,"v": 1.9,"e": 50,},
{"x": -2.085,"y":-3.4875,"h": 1.9,"v": 1.9,"e": 51,},
{"x": -2.085,"y":4.755,"h": 1.9,"v": 1.9,"e": 52,},
{"x": -2.085,"y":6.8175,"h": 1.9,"v": 1.9,"e": 53,},
{"x": 0,"y":2.6925,"h": 1.9,"v": 1.9,"e": 56,},
{"x": 0,"y":6.825,"h": 1.9,"v": 1.9,"e": 57,},
{"x": -0.0225000000000009,"y":0.630000000000003,"h": 1.9,"v": 1.9,"e": 58,},
{"x": -0.0225000000000009,"y":4.755,"h": 1.9,"v": 1.9,"e": 59,},
{"x": -0.0225000000000009,"y":-3.495,"h": 1.9,"v": 1.9,"e": 60,},
{"x": 2.04,"y":6.81,"h": 1.9,"v": 1.9,"e": 73,},
{"x": 2.04,"y":4.755,"h": 1.9,"v": 1.9,"e": 74,},
{"x": 2.04,"y":2.6925,"h": 1.9,"v": 1.9,"e": 75,},
{"x": 2.04,"y":0.622499999999999,"h": 1.9,"v": 1.9,"e": 76,},
{"x": 2.0475,"y":-3.495,"h": 1.9,"v": 1.9,"e": 77,},
{"x": 4.11,"y":6.8175,"h": 1.9,"v": 1.9,"e": 78,},
{"x": 4.11,"y":4.7625,"h": 1.9,"v": 1.9,"e": 79,},
{"x": 4.1025,"y":2.6925,"h": 1.9,"v": 1.9,"e": 81,},
{"x": 6.165,"y":6.8175,"h": 1.9,"v": 1.9,"e": 82,},
{"x": 6.165,"y":4.7625,"h": 1.9,"v": 1.9,"e": 84,},
{"x": 4.1325,"y":0.630000000000003,"h": 1.9,"v": 1.9,"e": 86,},
{"x": 8.2575,"y":6.8175,"h": 1.9,"v": 1.9,"e": 87,},
{"x": 2.0475,"y":-7.62,"h": 1.9,"v": 1.9,"e": 88,},
{"x": 8.25,"y":4.7475,"h": 1.9,"v": 1.9,"e": 89,},
{"x": 6.195,"y":2.7,"h": 1.9,"v": 1.9,"e": 90,},
{"x": 4.1025,"y":-3.495,"h": 1.9,"v": 1.9,"e": 91,},
{"x": 8.25,"y":2.6925,"h": 1.9,"v": 1.9,"e": 94,},
{"x": 6.1875,"y":0.622499999999999,"h": 1.9,"v": 1.9,"e": 95,},
{"x": 4.11,"y":-7.62,"h": 1.9,"v": 1.9,"e": 97,},
{"x": 6.165,"y":-3.495,"h": 1.9,"v": 1.9,"e": 98,},
{"x": 8.25,"y":0.630000000000003,"h": 1.9,"v": 1.9,"e": 99,},
{"x": 6.165,"y":-7.62,"h": 1.9,"v": 1.9,"e": 103,},
{"x": 8.25,"y":-1.4325,"h": 1.9,"v": 1.9,"e": 104,},
{"x": 8.2575,"y":-3.4875,"h": 1.9,"v": 1.9,"e": 107,},
{"x": 8.25,"y":-7.62,"h": 1.9,"v": 1.9,"e": 109,},
{"x": 10.32,"y":-7.62,"h": 1.9,"v": 1.9,"e": 110,},
{"x": 10.32,"y":-3.495,"h": 1.9,"v": 1.9,"e": 113,},
{"x": 12.375,"y":-3.495,"h": 1.9,"v": 1.9,"e": 117,},
{"x": 12.3825,"y":-7.62,"h": 1.9,"v": 1.9,"e": 120,},
{"x": 14.445,"y":-3.5025,"h": 1.9,"v": 1.9,"e": 121,},
{"x": 14.4375,"y":-5.565,"h": 1.9,"v": 1.9,"e": 122,},
{"x": 14.445,"y":-7.62,"h": 1.9,"v": 1.9,"e": 123,},
{"x": 16.5075,"y":-5.5575,"h": 1.9,"v": 1.9,"e": 124,},
{"x": 18.57,"y":-5.565,"h": 1.9,"v": 1.9,"e": 125,},
{"x": 20.625,"y":-5.565,"h": 1.9,"v": 1.9,"e": 126,},
{"x": 22.695,"y":-5.5575,"h": 1.9,"v": 1.9,"e": 127,},

]

