[{"x": -22.7584,"y":-0.4,"h": 1.5,"v": 1.5,"e": 4,},
{"x": -18,"y":-0.4,"h": 1.5,"v": 1.5,"e": 5,},
{"x": -17.28,"y":2.88,"h": 1.5,"v": 1.5,"e": 6,},
{"x": -17.28,"y":4,"h": 1.5,"v": 1.5,"e": 7,},
{"x": -17.28,"y":5.36,"h": 1.5,"v": 1.5,"e": 8,},
{"x": -15.68,"y":5.36,"h": 1.5,"v": 1.5,"e": 9,},
{"x": -15.04,"y":-0.4,"h": 1.5,"v": 1.5,"e": 12,},
{"x": -14.16,"y":5.36,"h": 1.5,"v": 1.5,"e": 14,},
{"x": -12.48,"y":-0.4,"h": 1.5,"v": 1.5,"e": 18,},
{"x": -12.56,"y":1.36,"h": 1.5,"v": 1.5,"e": 20,},
{"x": -12.56,"y":2.72,"h": 1.5,"v": 1.5,"e": 21,},
{"x": -12.52,"y":5.36,"h": 1.5,"v": 1.5,"e": 22,},
{"x": -12.56,"y":4.04,"h": 1.5,"v": 1.5,"e": 23,},
{"x": -1.44,"y":-7.76,"h": 1.5,"v": 1.5,"e": 27,},
{"x": -3.2,"y":-6.96,"h": 1.5,"v": 1.5,"e": 29,},
{"x": -6,"y":-4.16,"h": 1.5,"v": 1.5,"e": 33,},
{"x": -8.92000000000001,"y":-0.4,"h": 1.5,"v": 1.5,"e": 35,},
{"x": -6.8,"y":-2.32,"h": 1.5,"v": 1.5,"e": 37,},
{"x": -7.04,"y":-0.4,"h": 1.5,"v": 1.5,"e": 39,},
{"x": -6.8,"y":1.6,"h": 1.5,"v": 1.5,"e": 40,},
{"x": -0.960000000000002,"y":-6.08,"h": 1.5,"v": 1.5,"e": 42,},
{"x": -6.08,"y":3.44,"h": 1.5,"v": 1.5,"e": 44,},
{"x": -2.24,"y":-5.28,"h": 1.5,"v": 1.5,"e": 46,},
{"x": -4.16,"y":-3.12,"h": 1.5,"v": 1.5,"e": 48,},
{"x": -4.8,"y":4.96,"h": 1.5,"v": 1.5,"e": 50,},
{"x": -4.88,"y":-0.4,"h": 1.5,"v": 1.5,"e": 52,},
{"x": -4.24,"y":2.4,"h": 1.5,"v": 1.5,"e": 54,},
{"x": -3.28,"y":6.24,"h": 1.5,"v": 1.5,"e": 55,},
{"x": -4.56,"y":0.960000000000002,"h": 1.5,"v": 1.5,"e": 56,},
{"x": -4.8,"y":-1.76,"h": 1.5,"v": 1.5,"e": 57,},
{"x": -3.2,"y":3.44,"h": 1.5,"v": 1.5,"e": 58,},
{"x": -2.16,"y":4.24,"h": 1.5,"v": 1.5,"e": 60,},
{"x": -1.44,"y":6.88,"h": 1.5,"v": 1.5,"e": 62,},
{"x": 0.560000000000002,"y":-8,"h": 1.5,"v": 1.5,"e": 63,},
{"x": -10.72,"y":-0.4,"h": 1.5,"v": 1.5,"e": 25,},
{"x": -4.8,"y":-5.68,"h": 1.5,"v": 1.5,"e": 31,},
{"x": -3.36,"y":-4.24,"h": 1.5,"v": 1.5,"e": 47,},
{"x": -0.879999999999995,"y":4.96,"h": 1.5,"v": 1.5,"e": 64,},
{"x": 0.560000000000002,"y":-6.24,"h": 1.5,"v": 1.5,"e": 66,},
{"x": 0.239999999999998,"y":-3.12,"h": 1.5,"v": 1.5,"e": 67,},
{"x": -1.2,"y":-2.56,"h": 1.5,"v": 1.5,"e": 69,},
{"x": -1.68,"y":1.36,"h": 1.5,"v": 1.5,"e": 72,},
{"x": -0.479999999999995,"y":2.16,"h": 1.5,"v": 1.5,"e": 73,},
{"x": 2.48,"y":7.04,"h": 1.5,"v": 1.5,"e": 74,},
{"x": -2.16,"y":0,"h": 1.5,"v": 1.5,"e": 76,},
{"x": 0.879999999999995,"y":2.32,"h": 1.5,"v": 1.5,"e": 77,},
{"x": 2.32,"y":1.92,"h": 1.5,"v": 1.5,"e": 80,},
{"x": 4.56,"y":3.68,"h": 1.5,"v": 1.5,"e": 81,},
{"x": 1.6,"y":-2.88,"h": 1.5,"v": 1.5,"e": 82,},
{"x": 6.16,"y":5.04,"h": 1.5,"v": 1.5,"e": 83,},
{"x": 3.2,"y":0.720000000000005,"h": 1.5,"v": 1.5,"e": 84,},
{"x": 5.6,"y":2.56,"h": 1.5,"v": 1.5,"e": 85,},
{"x": 7.92000000000001,"y":1.6,"h": 1.5,"v": 1.5,"e": 88,},
{"x": 3.28,"y":-0.639999999999998,"h": 1.5,"v": 1.5,"e": 89,},
{"x": 2.8,"y":-2,"h": 1.5,"v": 1.5,"e": 90,},
{"x": 6.24,"y":-0.4,"h": 1.5,"v": 1.5,"e": 91,},
{"x": 8.32000000000001,"y":-0.4,"h": 1.5,"v": 1.5,"e": 92,},
{"x": 10.08,"y":-0.4,"h": 1.5,"v": 1.5,"e": 93,},
{"x": 0.560000000000002,"y":7.2,"h": 1.5,"v": 1.5,"e": 70,},
{"x": 0.560000000000002,"y":5.2,"h": 1.5,"v": 1.5,"e": 71,},
{"x": 2,"y":5.12,"h": 1.5,"v": 1.5,"e": 75,},
{"x": 3.44,"y":4.56,"h": 1.5,"v": 1.5,"e": 78,},
{"x": 4.56,"y":6.32000000000001,"h": 1.5,"v": 1.5,"e": 79,},
{"x": 7.2,"y":3.44,"h": 1.5,"v": 1.5,"e": 86,},
{"x": 6.08,"y":1.12,"h": 1.5,"v": 1.5,"e": 87,},
{"x": 6.24,"y":-1.92,"h": 1.5,"v": 1.5,"e": 94,},
{"x": 11.84,"y":-0.4,"h": 1.5,"v": 1.5,"e": 95,},
{"x": 8,"y":-2.32,"h": 1.5,"v": 1.5,"e": 96,},
{"x": 5.52000000000001,"y":-3.12,"h": 1.5,"v": 1.5,"e": 97,},
{"x": 2,"y":-5.84,"h": 1.5,"v": 1.5,"e": 98,},
{"x": 13.6,"y":-0.4,"h": 1.5,"v": 1.5,"e": 99,},
{"x": 3.36,"y":-5.28,"h": 1.5,"v": 1.5,"e": 100,},
{"x": 7.2,"y":-4.24,"h": 1.5,"v": 1.5,"e": 101,},
{"x": 4.72000000000001,"y":-4.64,"h": 1.5,"v": 1.5,"e": 102,},
{"x": 2.56,"y":-7.76,"h": 1.5,"v": 1.5,"e": 103,},
{"x": 6.08,"y":-5.92000000000001,"h": 1.5,"v": 1.5,"e": 104,},
{"x": 4.4,"y":-7.04,"h": 1.5,"v": 1.5,"e": 105,},
{"x": 16.8,"y":-0.4,"h": 1.5,"v": 1.5,"e": 106,},
{"x": 19.12,"y":-0.4,"h": 1.5,"v": 1.5,"e": 107,},
{"x": 23.28,"y":-0.4,"h": 1.5,"v": 1.5,"e": 108,},
{"x": -2,"y":-1.44,"h": 1.5,"v": 1.5,"e": 109,},

]

