[

{"x": -3,"y":-6,"h": 3,"v": 3,"e": 33,},
{"x": -3,"y":-3,"h": 3,"v": 3,"e": 40,},
{"x": -3,"y":0,"h": 3,"v": 3,"e": 32,},
{"x": -3,"y":3,"h": 3,"v": 3,"e": 0,},
{"x": -3,"y":6,"h": 3,"v": 3,"e": 24,},


{"x": 3,"y":-6,"h": 3,"v": 3,"e": 17,},
{"x": 3,"y":-3,"h": 3,"v": 3,"e": 40,},
{"x": 3,"y":0,"h": 3,"v": 3,"e": 32,},
{"x": 3,"y":3,"h": 3,"v": 3,"e": 0,},
{"x": 3,"y":6,"h": 3,"v": 3,"e": 8,},

{"x": 0,"y":-6,"h": 3,"v": 3,"e": 25,},
{"x": 0,"y":6,"h": 3,"v": 3,"e": 16,},

{"x": 6,"y":0,"h": 3,"v": 3,"e": 1,},
{"x": 6,"y":-3,"h": 3,"v": 3,"e": 9,},

{"x": -6,"y":-6,"h": 3,"v": 3,"e": 41,},
{"x": -10,"y":-6,"h": 4,"v": 3,"e": 56,},


{"x": -7.5,"y":-9,"h": 3,"v": 3,"e": 49,},
{"x": -7.5,"y":-3,"h": 3,"v": 3,"e": 48,},

{"x": -19,"y":-9,"h": 9,"v": 9,"e": 57,},

]

